caseId,access
1775570543143013,C7HAPCD2
1775570522547820,KHFJ7RTT
1775570605890386,7SFKR38P
1775570585351722,9EED5NKK
1775570733767571,7D3SGMDM
1775570693174339,3FRM9B4G
1775570648056888,34GV5DBK
1775570669177449,2PKD4A7V
1775570626800117,7Y5MJH7X
1775570713554130,4R5DVX9W
1775570816200748,BBR74AWC
1775570861299587,3WTKWRCK
1775570836851389,HVRWZMAK
1775570775084216,Y5NHHN5P
1775570753934093,KD5TNMMK
1775570796006768,YKGB63Z3
1775570962842236,GPL47BVN
1775570983698419,TPRXDPB8
1775570900248108,FGDJSS29
1775570941807573,593DEVHN
1775570878972473,J8CY5B5C
